Country,Region,Year,Water Source Type,Lead Concentration (µg/L),Lead Risk,Access to Clean Water (% of Population),Healthcare Access Index (0-100),Urbanization Rate (%)
India,East,2024,River,1.61,Low Risk,83.55,18.94,17.58
China,North,2024,Spring,14.7,Low Risk,55.8,57.06,37.02
Bangladesh,West,2024,Lake,14.18,Low Risk,96.55,58.41,10.6
Mexico,East,2024,Well,1.51,Low Risk,95.28,8.42,38.3
China,East,2024,Spring,4.92,Low Risk,68.6,4.97,60.61
Indonesia,Central,2024,Lake,6.48,Low Risk,35.67,77.53,61.86
Nigeria,South,2024,Well,14.68,Low Risk,58.82,1.54,21.79
Ethiopia,West,2024,Lake,19.94,High Risk,33.58,61.44,73.63
Mexico,Central,2024,Tap,17.82,High Risk,46.06,20.69,58.99
Ethiopia,West,2024,Pond,17.08,High Risk,39.5,69.65,14.08
Pakistan,West,2024,Tap,16.02,High Risk,36.63,32.02,32.42
Pakistan,West,2024,River,1.18,Low Risk,78.25,40.79,71.77
Brazil,South,2024,Pond,12.91,Low Risk,91.55,39.62,66.74
Ethiopia,Central,2024,Pond,18.4,High Risk,51.28,94.84,56.78
Ethiopia,West,2024,Lake,11.7,Low Risk,71.63,25.73,54.37
Bangladesh,North,2024,Pond,8.19,Low Risk,86.63,80.7,76.62
Nigeria,West,2024,River,17.79,High Risk,61.85,99.62,66.06
Pakistan,East,2024,Pond,19.89,High Risk,71.02,65.47,20.27
USA,West,2024,Well,8.01,Low Risk,35.07,85.83,78.98
Pakistan,Central,2024,Spring,10.04,Low Risk,85.42,54.71,35.88
USA,South,2024,River,12.01,Low Risk,59.48,3.01,58.24
Mexico,South,2024,Well,5.87,Low Risk,56.73,68.04,19.11
Bangladesh,West,2024,Tap,7.11,Low Risk,97.38,77.39,38.82
USA,North,2024,Lake,14.25,Low Risk,94.4,12.81,23.55
Pakistan,South,2024,Tap,7.42,Low Risk,62.03,35.01,60.2
USA,Central,2024,Pond,4.73,Low Risk,42.85,99.27,18.15
Indonesia,East,2024,Lake,15.58,High Risk,84.15,24.4,35.26
USA,East,2024,Tap,1.91,Low Risk,35.82,94.57,80.88
Mexico,North,2024,Well,9.23,Low Risk,34.0,78.58,87.98
China,North,2024,Well,6.86,Low Risk,55.56,75.77,89.02
Nigeria,East,2024,Tap,7.34,Low Risk,43.16,65.01,37.86
Nigeria,Central,2024,Lake,14.01,Low Risk,49.4,43.39,73.11
Ethiopia,West,2024,Spring,11.96,Low Risk,51.66,35.35,58.16
Brazil,East,2024,River,18.09,High Risk,33.24,2.09,51.62
Mexico,North,2024,Tap,15.63,High Risk,74.51,43.58,54.45
Mexico,East,2024,River,5.05,Low Risk,79.4,32.83,85.26
Brazil,East,2024,Pond,16.92,High Risk,31.33,55.19,26.58
India,South,2024,River,13.73,Low Risk,38.04,1.83,16.55
Bangladesh,West,2024,Lake,7.05,Low Risk,90.36,13.58,38.07
China,South,2024,Spring,10.55,Low Risk,62.95,24.46,53.71
Brazil,East,2024,Pond,15.44,High Risk,59.97,1.56,42.55
Pakistan,Central,2024,Spring,12.42,Low Risk,72.34,35.57,21.34
Pakistan,North,2024,Well,15.13,High Risk,98.69,81.74,78.83
Mexico,Central,2024,Well,7.07,Low Risk,88.08,95.42,82.17
Indonesia,South,2024,River,13.72,Low Risk,79.27,36.55,25.42
Pakistan,Central,2024,Pond,16.56,High Risk,88.97,76.31,83.07
Ethiopia,East,2024,Spring,18.73,High Risk,59.36,75.88,59.05
Pakistan,South,2024,Pond,0.6,Low Risk,97.55,58.78,73.01
Nigeria,West,2024,Tap,7.58,Low Risk,42.3,47.97,40.21
China,Central,2024,Pond,8.94,Low Risk,56.52,59.16,11.23
Ethiopia,South,2024,Pond,7.03,Low Risk,76.87,70.24,82.55
Pakistan,Central,2024,Tap,19.09,High Risk,78.21,93.0,86.27
Ethiopia,North,2024,Spring,18.43,High Risk,89.76,17.84,41.92
USA,North,2024,Well,3.5,Low Risk,77.56,51.37,78.47
Nigeria,East,2024,Tap,19.59,High Risk,83.93,82.11,66.64
China,East,2024,Spring,18.95,High Risk,74.44,12.26,27.31
Mexico,West,2024,Tap,14.81,Low Risk,49.67,33.95,61.08
Nigeria,West,2024,Well,5.24,Low Risk,52.68,32.4,20.12
USA,West,2024,Pond,16.67,High Risk,67.24,63.03,23.57
Bangladesh,West,2024,Tap,0.75,Low Risk,80.24,28.23,57.73
Pakistan,Central,2024,Lake,2.26,Low Risk,50.95,14.32,32.31
Pakistan,Central,2024,Well,6.53,Low Risk,90.97,36.13,68.56
China,North,2024,Tap,17.88,High Risk,91.81,8.24,29.69
China,North,2024,River,16.62,High Risk,69.0,18.35,89.65
USA,West,2024,Well,11.86,Low Risk,75.8,68.61,81.79
Indonesia,Central,2024,Tap,0.98,Low Risk,99.17,25.48,21.7
USA,West,2024,Well,2.69,Low Risk,41.36,80.92,78.26
Ethiopia,South,2024,Lake,11.76,Low Risk,85.37,69.1,81.62
Nigeria,West,2024,Lake,14.1,Low Risk,92.1,42.43,46.36
Indonesia,South,2024,Spring,7.96,Low Risk,40.4,73.09,81.35
Bangladesh,North,2024,Spring,18.87,High Risk,95.18,55.85,65.94
USA,North,2024,Well,1.6,Low Risk,73.23,93.18,65.79
China,Central,2024,Lake,18.22,High Risk,71.39,17.77,57.48
Brazil,East,2024,River,5.88,Low Risk,91.24,35.34,19.31
Ethiopia,West,2024,Spring,9.57,Low Risk,98.78,25.01,30.36
USA,East,2024,Spring,13.51,Low Risk,50.55,68.35,23.4
Pakistan,North,2024,Well,16.59,High Risk,30.24,44.43,66.1
Ethiopia,West,2024,Spring,13.31,Low Risk,85.95,53.15,57.27
China,North,2024,River,10.33,Low Risk,94.02,60.97,17.35
Nigeria,East,2024,Spring,3.31,Low Risk,95.4,46.95,28.14
Ethiopia,South,2024,Spring,3.89,Low Risk,75.84,91.11,33.75
China,North,2024,Tap,6.71,Low Risk,93.47,12.24,39.66
Nigeria,West,2024,Lake,17.01,High Risk,48.06,15.61,75.42
Brazil,South,2024,River,8.16,Low Risk,95.78,99.74,19.02
Mexico,South,2024,Tap,16.57,High Risk,54.55,53.12,55.35
Indonesia,North,2024,Spring,0.95,Low Risk,35.51,72.15,40.9
USA,South,2024,Well,12.98,Low Risk,99.88,89.89,72.06
Indonesia,East,2024,Well,11.84,Low Risk,60.78,87.19,30.09
Mexico,Central,2024,Spring,11.0,Low Risk,94.92,51.32,85.41
China,North,2024,Lake,19.57,High Risk,44.75,38.77,56.95
